{
  "POT_LEFT": -0.49585963955586504,
  "fo": 0.07427860755039763,
  "Al": 4.161000650818535,
  "Bl": 2.185146725725632,
  "Cl": 3.0327773870142716,
  "As": 3.4528195713084586,
  "Bs": 4.6198683414542,
  "Cs": 5.880499273455774,
  "cleq": 0.19163291234177102,
  "cseq": 0.6689185310376742,
  "L1o": 0.3409810598436546,
  "L2o": 0.22046851760346217,
  "ko": 3.447082297529422e-10,
  "Noise": 0.003303816682138448
}