{
  "POT_LEFT": -0.30452416430358276,
  "fo": 0.05683034540862322,
  "Al": 8.323651220329943,
  "Bl": 8.596832649076552,
  "Cl": 9.791275071739939,
  "As": 7.66538311673769,
  "Bs": 8.499130876333846,
  "Cs": 6.607509664770907,
  "cleq": 0.19384395730805654,
  "cseq": 0.9836070341380175,
  "L1o": 0.49100270324152023,
  "L2o": 0.20715759176362722,
  "ko": 9.907724478748301e-11,
  "Noise": 0.0038236787496606253
}