{
  "POT_LEFT": -0.29173679096383776,
  "fo": 0.09005714748752573,
  "Al": 1.3485526624100075,
  "Bl": 2.8392532700982387,
  "Cl": 8.100099154368044,
  "As": 1.1201153096823302,
  "Bs": 1.6425793724347337,
  "Cs": 9.863040322156706,
  "cleq": 0.9192427144980931,
  "cseq": 0.14190281455228057,
  "L1o": 0.45694267225966234,
  "L2o": 0.24792603127096374,
  "ko": 9.648716617180812e-10,
  "Noise": 0.0024728911613666337
}