{
  "POT_LEFT": -0.4951001187371874,
  "fo": 0.04746302170897863,
  "Al": 7.579565858933095,
  "Bl": 5.668572966240774,
  "Cl": 2.517638810229835,
  "As": 6.182337768002969,
  "Bs": 8.752302699279511,
  "Cs": 5.523120684705236,
  "cleq": 0.9106506894892273,
  "cseq": 0.9097250296836429,
  "L1o": 0.2164330821060093,
  "L2o": 0.4158066096577035,
  "ko": 9.460460367712653e-10,
  "Noise": 0.00369952335945912
}