{
  "POT_LEFT": -0.35597116015054475,
  "fo": 0.079980976340588,
  "Al": 5.17167827743328,
  "Bl": 1.9620772310187051,
  "Cl": 6.8495238564794425,
  "As": 7.93895398664432,
  "Bs": 0.2477655838244197,
  "Cs": 2.739939639837509,
  "cleq": 0.47071017052686626,
  "cseq": 0.9835441084012617,
  "L1o": 0.23193054222077572,
  "L2o": 0.34602914137732244,
  "ko": 7.610619605523258e-10,
  "Noise": 0.0013045125907105624
}