{
  "POT_LEFT": -0.2654850437042034,
  "fo": 0.06440631083133544,
  "Al": 7.1095646686876695,
  "Bl": 6.117689756875938,
  "Cl": 3.916077798305735,
  "As": 9.01016724194388,
  "Bs": 6.036073752470705,
  "Cs": 2.8146900155059926,
  "cleq": 0.016139090233145165,
  "cseq": 0.42524856873474814,
  "L1o": 0.27457743468318996,
  "L2o": 0.19331763464430515,
  "ko": 5.747480418241639e-10,
  "Noise": 0.004550247733205068
}