{
  "POT_LEFT": -0.226003007532664,
  "fo": 0.006921271736635541,
  "Al": 3.4053865451408507,
  "Bl": 6.072652724062647,
  "Cl": 7.177022200005549,
  "As": 9.908884014676957,
  "Bs": 2.076389627232711,
  "Cs": 2.9872331052867116,
  "cleq": 0.6787016867473107,
  "cseq": 0.3109810331293776,
  "L1o": 0.04075348327977415,
  "L2o": 0.3713616534430661,
  "ko": 4.2072318287392207e-10,
  "Noise": 0.003626304566364587
}