{
  "POT_LEFT": -0.38058879297388726,
  "fo": 0.021061936055623787,
  "Al": 8.795212104429183,
  "Bl": 0.3076910938861177,
  "Cl": 1.5306736153391465,
  "As": 8.555143661989566,
  "Bs": 0.09784423432967149,
  "Cs": 7.062977178870284,
  "cleq": 0.36658106753749226,
  "cseq": 0.23970931325575867,
  "L1o": 0.1976017463561331,
  "L2o": 0.48410766081752055,
  "ko": 4.0667392659485423e-10,
  "Noise": 0.0013773521244748765
}