{
  "POT_LEFT": -0.4887942018345212,
  "fo": 0.07813562459277307,
  "Al": 6.957175377579322,
  "Bl": 5.390117632617669,
  "Cl": 6.231439305812768,
  "As": 0.924028411124117,
  "Bs": 6.463899849221142,
  "Cs": 8.787653917391728,
  "cleq": 0.4296344522556639,
  "cseq": 0.6462538904539951,
  "L1o": 0.16035126610471764,
  "L2o": 0.32728185057194265,
  "ko": 9.98032648403863e-10,
  "Noise": 0.0007093823946954467
}