{
  "POT_LEFT": -0.3760238251554736,
  "fo": 0.05754154188349427,
  "Al": 0.7071072422515834,
  "Bl": 8.272686582182518,
  "Cl": 5.544658674498565,
  "As": 5.190928575876077,
  "Bs": 1.8260387131446698,
  "Cs": 5.7796444532904925,
  "cleq": 0.2473052197920286,
  "cseq": 0.037680900136411906,
  "L1o": 0.05228915977731934,
  "L2o": 0.3069978530101131,
  "ko": 7.632645959845958e-10,
  "Noise": 0.0022543662410551652
}