{
  "POT_LEFT": -0.2987638492200442,
  "fo": 0.004809512731519118,
  "Al": 5.294456429529978,
  "Bl": 9.805781411236804,
  "Cl": 2.489771187013842,
  "As": 7.632489799509383,
  "Bs": 0.8148285852480897,
  "Cs": 4.4753529748020675,
  "cleq": 0.13197826630549347,
  "cseq": 0.7307176750877266,
  "L1o": 0.4191633965454265,
  "L2o": 0.17943560369863912,
  "ko": 7.441591282204237e-10,
  "Noise": 0.0031021984942879014
}