{
  "POT_LEFT": -0.4196666683830124,
  "fo": 0.021416682952440133,
  "Al": 3.2706472230110295,
  "Bl": 5.627409524918642,
  "Cl": 4.7705211083803,
  "As": 0.6925285506472612,
  "Bs": 0.6462759005963536,
  "Cs": 7.937941829653798,
  "cleq": 0.8202241568461511,
  "cseq": 0.7926536275661543,
  "L1o": 0.3613776315782613,
  "L2o": 0.2584894837455433,
  "ko": 6.783394952450843e-10,
  "Noise": 0.0043934903554802215
}