{
  "POT_LEFT": -0.485960313873198,
  "fo": 0.051882781043355385,
  "Al": 4.096840988232211,
  "Bl": 8.18839552392038,
  "Cl": 4.940273630593323,
  "As": 2.726869918216467,
  "Bs": 5.707131758935994,
  "Cs": 6.454666320278642,
  "cleq": 0.10426682626265742,
  "cseq": 0.09420877559398771,
  "L1o": 0.2481236931614013,
  "L2o": 0.3289037142181656,
  "ko": 9.507274760492441e-11,
  "Noise": 0.0009195020535449296
}