{
  "POT_LEFT": -0.35573184904812466,
  "fo": 0.05450488248200031,
  "Al": 5.219072001707573,
  "Bl": 8.329132407867773,
  "Cl": 5.43813304545674,
  "As": 2.208581668375842,
  "Bs": 5.912541310490527,
  "Cs": 7.543356287228253,
  "cleq": 0.48559855048477346,
  "cseq": 0.20115357224392247,
  "L1o": 0.23781498375881022,
  "L2o": 0.37836700041328675,
  "ko": 1.231681164337792e-10,
  "Noise": 0.0010630347376945402
}