{
  "POT_LEFT": -0.32757933296487585,
  "fo": 0.02481772265712918,
  "Al": 6.487373151626812,
  "Bl": 5.47345168428916,
  "Cl": 7.84711088988299,
  "As": 5.362468692001057,
  "Bs": 2.456784282623227,
  "Cs": 7.241036636274546,
  "cleq": 0.2501041044824857,
  "cseq": 0.9171450660993161,
  "L1o": 0.39748651633216275,
  "L2o": 0.2959757648757142,
  "ko": 5.364498271123037e-10,
  "Noise": 0.0018061873041615622
}