{
  "POT_LEFT": -0.2854329560452108,
  "fo": 0.0029300602746975823,
  "Al": 7.133959197377296,
  "Bl": 9.376851148705772,
  "Cl": 7.761302521168699,
  "As": 4.056047596550521,
  "Bs": 1.105696174059665,
  "Cs": 6.297511229862045,
  "cleq": 0.26303731189051904,
  "cseq": 0.30388052055988063,
  "L1o": 0.3007620328021121,
  "L2o": 0.3095823862222214,
  "ko": 4.2801521217041574e-10,
  "Noise": 0.0025484021659723383
}