{
  "POT_LEFT": -0.4756471291072467,
  "fo": 0.01922669727328918,
  "Al": 7.64728972603821,
  "Bl": 4.5091675889161085,
  "Cl": 4.72081678310658,
  "As": 1.3898658857574686,
  "Bs": 1.9510822589277022,
  "Cs": 8.051362301989107,
  "cleq": 0.5611110016587806,
  "cseq": 0.11438091810855223,
  "L1o": 0.2248267532840144,
  "L2o": 0.18404143373080692,
  "ko": 8.441585139447763e-10,
  "Noise": 0.002454966741957669
}