{
  "POT_LEFT": -0.2113448792432524,
  "fo": 0.07658303189845234,
  "Al": 6.36047590295308,
  "Bl": 8.515374580903556,
  "Cl": 0.9173249179467746,
  "As": 0.8407961215401383,
  "Bs": 0.3469622741110001,
  "Cs": 5.612079623731866,
  "cleq": 0.37390508081465135,
  "cseq": 0.7721697681627834,
  "L1o": 0.05626137714129009,
  "L2o": 0.22366399970696246,
  "ko": 3.864761136206348e-10,
  "Noise": 0.0032185474373836514
}