{
  "POT_LEFT": -0.2888536350361275,
  "fo": 0.044487406579892974,
  "Al": 8.693557190573754,
  "Bl": 8.169556121473514,
  "Cl": 8.143566029667587,
  "As": 1.9099049770601628,
  "Bs": 2.1264477741208196,
  "Cs": 8.037173490167925,
  "cleq": 0.18477489979440784,
  "cseq": 0.56444677736936,
  "L1o": 0.11828461859162431,
  "L2o": 0.4162687481768385,
  "ko": 6.405363089352208e-10,
  "Noise": 0.001987439225600432
}