{
  "POT_LEFT": -0.4963340688965947,
  "fo": 0.09860772768581781,
  "Al": 2.7408039842533527,
  "Bl": 9.348977705175267,
  "Cl": 5.299509582980399,
  "As": 8.852858718291678,
  "Bs": 8.120745618189309,
  "Cs": 1.9065353433696008,
  "cleq": 0.7844573996689443,
  "cseq": 0.3720156743014552,
  "L1o": 0.43482048650570765,
  "L2o": 0.06639136233311554,
  "ko": 9.046680748525101e-10,
  "Noise": 0.002304459409310774
}