{
  "POT_LEFT": -0.4844743437006498,
  "fo": 0.055542348765824735,
  "Al": 7.603195673806057,
  "Bl": 8.18929771786593,
  "Cl": 4.147952885776204,
  "As": 0.08959299263292086,
  "Bs": 6.209869730670108,
  "Cs": 7.928103148044348,
  "cleq": 0.41655709464453294,
  "cseq": 0.9197711290409941,
  "L1o": 0.11976945349523996,
  "L2o": 0.22421557877669862,
  "ko": 6.044338893982408e-10,
  "Noise": 0.0036099189619483514
}