{
  "POT_LEFT": -0.3229612244629659,
  "fo": 0.026729933885530008,
  "Al": 8.625445507414508,
  "Bl": 4.20068936446608,
  "Cl": 2.43868657724534,
  "As": 2.040679168711086,
  "Bs": 6.854878662668828,
  "Cs": 6.388248932433771,
  "cleq": 0.4891493966650609,
  "cseq": 0.23484017976294594,
  "L1o": 0.24697898306028376,
  "L2o": 0.4297333638697483,
  "ko": 2.8926221118252315e-10,
  "Noise": 0.003846431214420874
}