{
  "POT_LEFT": -0.43524593870713724,
  "fo": 0.06741433624544256,
  "Al": 9.443544037397796,
  "Bl": 0.25128881593269425,
  "Cl": 6.456429162885105,
  "As": 4.091503661733787,
  "Bs": 3.1985657290622074,
  "Cs": 8.993788291402925,
  "cleq": 0.6454712248525708,
  "cseq": 0.31116874089474805,
  "L1o": 0.24580615959021823,
  "L2o": 0.47846528772087793,
  "ko": 6.493421194763187e-10,
  "Noise": 0.002056759630439936
}