{
  "POT_LEFT": -0.3156898675289479,
  "fo": 0.06632638844575159,
  "Al": 6.633528329322519,
  "Bl": 8.640306439398014,
  "Cl": 6.573841194412453,
  "As": 1.3120928553060063,
  "Bs": 4.520319852181755,
  "Cs": 8.115613793246423,
  "cleq": 0.2422327353304773,
  "cseq": 0.63743274452834,
  "L1o": 0.4564389487969328,
  "L2o": 0.18139445868749624,
  "ko": 7.275248255056725e-10,
  "Noise": 0.002426354259081661
}