{
  "POT_LEFT": -0.3290250705312014,
  "fo": 0.006086268307246271,
  "Al": 8.728572185786566,
  "Bl": 8.38631656819366,
  "Cl": 0.7777932491217066,
  "As": 6.995948466921609,
  "Bs": 3.878634577602522,
  "Cs": 7.713731207204823,
  "cleq": 0.6443173621276869,
  "cseq": 0.5938818653862797,
  "L1o": 0.4294727729501757,
  "L2o": 0.11391736499204258,
  "ko": 8.427286114311022e-11,
  "Noise": 0.0031062871041761648
}