{
  "POT_LEFT": -0.4272085727079554,
  "fo": 0.018201170418385135,
  "Al": 4.742438161587735,
  "Bl": 1.8551810297729399,
  "Cl": 9.104017193219187,
  "As": 3.4989384006758106,
  "Bs": 1.2761144027120563,
  "Cs": 9.42910422984024,
  "cleq": 0.47704437910285513,
  "cseq": 0.08700014621815151,
  "L1o": 0.10659580392863482,
  "L2o": 0.03270014674295929,
  "ko": 5.586297651955471e-10,
  "Noise": 0.004398295205084786
}