{
  "POT_LEFT": -0.35874453491074687,
  "fo": 0.0557754709390529,
  "Al": 9.582311355153184,
  "Bl": 2.00753240785571,
  "Cl": 2.0761972551037235,
  "As": 5.923957810953233,
  "Bs": 6.197411184447102,
  "Cs": 8.351561562300315,
  "cleq": 0.9194909933564979,
  "cseq": 0.02764334617538783,
  "L1o": 0.36825455984614125,
  "L2o": 0.18207894323642762,
  "ko": 1.1639433902916073e-10,
  "Noise": 0.003223537796193393
}