{
  "POT_LEFT": -0.49920598971112595,
  "fo": 0.03731074040216968,
  "Al": 9.072845318754757,
  "Bl": 6.640383103750025,
  "Cl": 4.39116499817675,
  "As": 0.3579606103523003,
  "Bs": 1.7940809988182271,
  "Cs": 6.633199539319095,
  "cleq": 0.727972250422877,
  "cseq": 0.24432669609225663,
  "L1o": 0.4417608438255335,
  "L2o": 0.39263486346180293,
  "ko": 8.556929549728903e-10,
  "Noise": 0.0011257436492762764
}