{
  "POT_LEFT": -0.37674176627322487,
  "fo": 0.0021401057512486234,
  "Al": 9.369824289295646,
  "Bl": 5.711787895724248,
  "Cl": 0.8252299670125718,
  "As": 6.675216148849351,
  "Bs": 1.9678783215706552,
  "Cs": 5.267574748454083,
  "cleq": 0.5319559557732102,
  "cseq": 0.3049867984561326,
  "L1o": 0.0461357037481655,
  "L2o": 0.32811189733562945,
  "ko": 9.506641796824506e-10,
  "Noise": 0.0023100479626240707
}