{
  "POT_LEFT": -0.3359121667313917,
  "fo": 0.06820057359430613,
  "Al": 8.10664604124118,
  "Bl": 6.948531693252723,
  "Cl": 4.830916874394857,
  "As": 5.471011989752527,
  "Bs": 9.062304473842145,
  "Cs": 9.036819351452646,
  "cleq": 0.8473955972340114,
  "cseq": 0.8013426422881715,
  "L1o": 0.09048114299826003,
  "L2o": 0.2955946169026781,
  "ko": 6.799758892359039e-10,
  "Noise": 0.00420179787151175
}