{
  "POT_LEFT": -0.22238829514855735,
  "fo": 0.002821466361448823,
  "Al": 8.204797370594486,
  "Bl": 8.131238661731107,
  "Cl": 2.751305009928522,
  "As": 0.55314986843499,
  "Bs": 3.9459939985617476,
  "Cs": 5.363374025754361,
  "cleq": 0.7998033792974123,
  "cseq": 0.21229016641645676,
  "L1o": 0.22133662452889777,
  "L2o": 0.40303661086619585,
  "ko": 8.360754699598728e-10,
  "Noise": 0.004462806364977132
}