{
  "POT_LEFT": -0.22552779516184895,
  "fo": 0.033247882384155276,
  "Al": 7.753237475214271,
  "Bl": 7.313226111789715,
  "Cl": 0.27035377348922474,
  "As": 1.5558104851633747,
  "Bs": 0.9790080101239096,
  "Cs": 2.5002410114898623,
  "cleq": 0.17607841119532164,
  "cseq": 0.6000279432835762,
  "L1o": 0.17874133461313782,
  "L2o": 0.23322736556167772,
  "ko": 4.15186138054874e-11,
  "Noise": 0.002046568522306607
}