{
  "POT_LEFT": -0.43813255858073696,
  "fo": 0.008273294946936162,
  "Al": 9.377625030801907,
  "Bl": 7.889683311062601,
  "Cl": 2.1735282803345335,
  "As": 8.005177401480186,
  "Bs": 5.73544754324189,
  "Cs": 2.981908377880692,
  "cleq": 0.9225710966034646,
  "cseq": 0.9050989580305548,
  "L1o": 0.31083704280255847,
  "L2o": 0.19431194310226688,
  "ko": 4.1639006623748316e-10,
  "Noise": 0.003125533138629583
}