{
  "POT_LEFT": -0.21154109527132076,
  "fo": 0.07394103421826542,
  "Al": 5.774231614539875,
  "Bl": 7.115564857077036,
  "Cl": 6.966156143022451,
  "As": 4.331935908104633,
  "Bs": 1.3234162238536007,
  "Cs": 6.127897053495792,
  "cleq": 0.6475349458761218,
  "cseq": 0.8246574889778218,
  "L1o": 0.10932456901475246,
  "L2o": 0.08952411157398302,
  "ko": 3.21996467907383e-10,
  "Noise": 0.0011580994188599113
}