{
  "POT_LEFT": -0.43031160481649217,
  "fo": 0.037214876730766115,
  "Al": 9.849769887811409,
  "Bl": 5.243833943493544,
  "Cl": 0.6730613553167863,
  "As": 4.144176372197182,
  "Bs": 6.123774648944736,
  "Cs": 5.243819368575929,
  "cleq": 0.1961336684346134,
  "cseq": 0.3468344084697828,
  "L1o": 0.0863426530790417,
  "L2o": 0.449031056893213,
  "ko": 3.80363588301771e-10,
  "Noise": 0.0008969459092842125
}