{
  "POT_LEFT": -0.44851357153172283,
  "fo": 0.026247978923438147,
  "Al": 3.073014202898683,
  "Bl": 5.933890412875188,
  "Cl": 5.635711668185089,
  "As": 8.26550346539675,
  "Bs": 2.0364962317775657,
  "Cs": 8.7148532082197,
  "cleq": 0.20240285964551016,
  "cseq": 0.30224010455327105,
  "L1o": 0.4150426988138391,
  "L2o": 0.3110128395505664,
  "ko": 3.944427233716215e-10,
  "Noise": 0.000611600101221394
}