{
  "POT_LEFT": -0.4761577484516235,
  "fo": 0.032814215427711076,
  "Al": 9.327582696177107,
  "Bl": 0.3677210495969563,
  "Cl": 2.194943234106601,
  "As": 1.7640158942102302,
  "Bs": 9.348739463640896,
  "Cs": 6.696891012796508,
  "cleq": 0.8345337944377158,
  "cseq": 0.4407135161643111,
  "L1o": 0.21456197191920853,
  "L2o": 0.23095691210928654,
  "ko": 5.451287897378257e-10,
  "Noise": 0.0008170914100299423
}