{
  "POT_LEFT": -0.4287141644261621,
  "fo": 0.037922430372755715,
  "Al": 7.195535527488245,
  "Bl": 2.6710980243423643,
  "Cl": 1.6225701888165367,
  "As": 6.976341510468851,
  "Bs": 0.9089974029742076,
  "Cs": 7.8845872742661784,
  "cleq": 0.8316421119034921,
  "cseq": 0.5975998718883918,
  "L1o": 0.3411244805891308,
  "L2o": 0.011542602805778939,
  "ko": 6.00942598431547e-10,
  "Noise": 0.0024378421830729743
}