{
  "POT_LEFT": -0.21266349009009228,
  "fo": 0.040412441388084586,
  "Al": 7.768599377576452,
  "Bl": 4.037161441142416,
  "Cl": 4.330363668173627,
  "As": 8.861709853098102,
  "Bs": 5.916721101861027,
  "Cs": 5.357070032596727,
  "cleq": 0.017866131630785306,
  "cseq": 0.6204798603508618,
  "L1o": 0.4693170020096154,
  "L2o": 0.2975730879262858,
  "ko": 3.2943007721971187e-10,
  "Noise": 0.001607385512044865
}