{
  "POT_LEFT": -0.43586750957891623,
  "fo": 0.01804700186282624,
  "Al": 7.154764860375389,
  "Bl": 0.07086401926751362,
  "Cl": 5.718925915952742,
  "As": 2.677047402306604,
  "Bs": 3.5711314352527235,
  "Cs": 8.375220917473019,
  "cleq": 0.593563185227101,
  "cseq": 0.7252910106969637,
  "L1o": 0.16884582808867613,
  "L2o": 0.44737334916330446,
  "ko": 8.456611862124778e-10,
  "Noise": 0.000623656069741752
}