{
  "POT_LEFT": -0.48671539084586646,
  "fo": 0.04092419939503189,
  "Al": 0.8008332739770141,
  "Bl": 3.1118466796437847,
  "Cl": 3.1894117860137197,
  "As": 3.2317790162323465,
  "Bs": 0.2539706442235601,
  "Cs": 4.808088185553069,
  "cleq": 0.7719994747167714,
  "cseq": 0.8061221005708967,
  "L1o": 0.3661722130366327,
  "L2o": 0.24983964301969275,
  "ko": 8.627913499804801e-10,
  "Noise": 0.0010762605966335784
}