{
  "POT_LEFT": -0.3141041941711743,
  "fo": 0.03137478603765795,
  "Al": 8.724018053795692,
  "Bl": 9.070924819545876,
  "Cl": 1.0718532395336633,
  "As": 0.6978124855918599,
  "Bs": 1.9649660911952005,
  "Cs": 3.9021446118306056,
  "cleq": 0.28682668910055087,
  "cseq": 0.8139701983772505,
  "L1o": 0.044752929710269944,
  "L2o": 0.27248510629385436,
  "ko": 7.837875802397247e-10,
  "Noise": 0.000636986294039863
}