{
  "POT_LEFT": -0.2157883064283942,
  "fo": 0.061075736078719745,
  "Al": 7.51223360290045,
  "Bl": 9.322766514812965,
  "Cl": 4.830604486007456,
  "As": 0.5289827356970633,
  "Bs": 8.333869027074275,
  "Cs": 7.409392507446029,
  "cleq": 0.16106489009842204,
  "cseq": 0.37936235501924825,
  "L1o": 0.04059661363657699,
  "L2o": 0.4343205182730161,
  "ko": 3.686591115931722e-10,
  "Noise": 0.0008427251183062284
}