{
  "POT_LEFT": -0.2186146106319568,
  "fo": 0.08481316299170462,
  "Al": 6.96141892613803,
  "Bl": 3.977057594795812,
  "Cl": 3.2468826989983537,
  "As": 8.499886261374868,
  "Bs": 3.225194616370617,
  "Cs": 5.596425362534472,
  "cleq": 0.06518813492128588,
  "cseq": 0.4129448586614741,
  "L1o": 0.03680808592126708,
  "L2o": 0.29692623385788147,
  "ko": 2.934775274234206e-10,
  "Noise": 0.002925289441508503
}